Time,ax,ay,AngleZ
 08:58:06.422,0.002,-0.002,-95.3613
 08:58:06.520,0.002,-0.0015,-95.3613
 08:58:06.616,0.002,-0.002,-95.3613
 08:58:06.725,0.002,-0.002,-95.3613
 08:58:06.806,0.002,-0.002,-95.3613
 08:58:06.901,0.002,-0.002,-95.3613
 08:58:07.000,0.002,-0.002,-95.3613
 08:58:07.114,0.002,-0.002,-95.3613
 08:58:07.208,0.002,-0.002,-95.3613
 08:58:07.302,0.002,-0.0015,-95.3613
 08:58:07.403,0.002,-0.0015,-95.3613
 08:58:07.511,0.002,-0.002,-95.3613
 08:58:07.611,0.002,-0.002,-95.3613
 08:58:07.701,0.002,-0.002,-95.3613
 08:58:07.810,0.0024,-0.002,-95.3613
 08:58:07.907,0.0024,-0.002,-95.3613
 08:58:08.010,0.002,-0.002,-95.3613
 08:58:08.109,0.002,-0.002,-95.3613
 08:58:08.209,0.002,-0.0015,-95.3613
 08:58:08.304,0.002,-0.002,-95.3613
 08:58:08.402,0.002,-0.002,-95.3613
 08:58:08.512,0.0024,-0.002,-95.3613
 08:58:08.617,0.002,-0.002,-95.3613
 08:58:08.703,0.002,-0.002,-95.3613
 08:58:08.841,0.002,-0.002,-95.3613
 08:58:08.911,0.002,-0.0015,-95.3613
 08:58:09.004,0.002,-0.002,-95.3613
 08:58:09.111,0.002,-0.002,-95.3613
 08:58:09.221,0.002,-0.0015,-95.3613
 08:58:09.304,0.002,-0.002,-95.3613
 08:58:09.436,0.002,-0.002,-95.3613
 08:58:09.504,0.002,-0.002,-95.3613
 08:58:09.606,0.002,-0.002,-95.3613
 08:58:09.704,0.002,-0.002,-95.3613
 08:58:09.813,0.002,-0.002,-95.3613
 08:58:09.909,0.002,-0.002,-95.3613
 08:58:10.034,0.002,-0.002,-95.3613
 08:58:10.105,0.002,-0.002,-95.3613
 08:58:10.209,0.002,-0.002,-95.3613
 08:58:10.307,0.0015,-0.002,-95.3613
 08:58:10.412,0.0024,-0.0015,-95.3613
 08:58:10.505,0.0083,-0.001,-95.3613
 08:58:10.616,0.0029,-0.0039,-95.3613
 08:58:10.706,0,0.001,-95.3613
 08:58:10.806,-0.0015,-0.0015,-95.3613
 08:58:10.907,0.0005,-0.0005,-95.3613
 08:58:11.007,0.0029,-0.0063,-95.3613
 08:58:11.102,0.0034,-0.0005,-95.3613
 08:58:11.198,0.001,-0.001,-95.3613
 08:58:11.296,0.0029,-0.0024,-95.3613
 08:58:11.405,0.0093,0.001,-95.3613
 08:58:11.505,0.0249,-0.0029,-95.3613
 08:58:11.601,0.0303,0,-95.3613
 08:58:11.698,0.0337,0,-95.3613
 08:58:11.792,0.0391,-0.001,-95.3613
 08:58:11.896,0.0269,-0.0024,-95.3613
 08:58:11.990,0.0146,0,-95.3613
 08:58:12.094,0.0122,-0.001,-95.3613
 08:58:12.192,0.0156,0,-95.3613
 08:58:12.296,0.0059,-0.0024,-95.3613
 08:58:12.393,0.0239,0.0015,-95.3613
 08:58:12.502,0.0293,0.0029,-95.3613
 08:58:12.595,0.0303,0,-95.3613
 08:58:12.696,0.019,-0.0015,-95.3613
 08:58:12.790,0.0347,0,-95.3613
 08:58:12.894,0.0537,0,-95.3613
 08:58:12.989,0.0347,-0.001,-95.3613
 08:58:13.104,0.0361,0.0044,-95.3613
 08:58:13.192,0.0332,0.0034,-95.3613
 08:58:13.298,0.0352,-0.0015,-95.3613
 08:58:13.393,0.0532,0.0029,-95.3613
 08:58:13.501,0.0542,-0.002,-95.3613
 08:58:13.595,0.0342,-0.001,-95.3613
 08:58:13.705,0.0469,0.0034,-95.3613
 08:58:13.787,0.0278,-0.0015,-95.3613
 08:58:13.913,0.0181,-0.0024,-95.3613
 08:58:13.993,0.0229,0.002,-95.3613
 08:58:14.099,0.0264,0.0005,-95.3613
 08:58:14.189,0.0059,-0.0039,-95.3613
 08:58:14.315,0.0127,-0.002,-95.3613
 08:58:14.396,0.0186,0,-95.3613
 08:58:14.491,0.0132,-0.0049,-95.3613
 08:58:14.593,0.0234,-0.0024,-95.3613
 08:58:14.698,0.0322,-0.0039,-95.3613
 08:58:14.798,0.0161,-0.0024,-95.3613
 08:58:14.928,0.0156,0.0049,-95.3613
 08:58:14.993,0.0249,-0.0073,-95.3613
 08:58:15.088,0.0483,0.0059,-95.3613
 08:58:15.193,0.0293,-0.001,-95.3394
 08:58:15.288,0,0.0005,-95.3284
 08:58:15.383,-0.0073,0.0015,-95.3064
 08:58:15.493,-0.0054,-0.0015,-95.2899
 08:58:15.589,-0.0054,0.0059,-95.2734
 08:58:15.692,-0.0098,-0.0073,-95.2679
 08:58:15.797,-0.0186,0.0034,-95.257
 08:58:15.895,-0.0288,-0.0029,-95.2515
 08:58:15.993,-0.02,-0.0073,-95.2515
 08:58:16.094,-0.0132,0.0088,-95.2515
 08:58:16.184,-0.0142,-0.002,-95.2515
 08:58:16.294,-0.0098,-0.0024,-95.2515
 08:58:16.403,-0.0059,0.0034,-95.2515
 08:58:16.484,-0.0093,-0.002,-95.2515
 08:58:16.579,-0.0151,-0.0029,-95.235
 08:58:16.690,-0.02,-0.0088,-95.2185
 08:58:16.785,-0.0093,0.0039,-95.213
 08:58:16.891,-0.0225,-0.0034,-95.191
 08:58:16.979,-0.022,-0.0039,-95.1801
 08:58:17.079,-0.022,0.0059,-95.1526
 08:58:17.193,-0.0181,-0.002,-95.1416
 08:58:17.292,-0.0186,-0.0073,-95.1251
 08:58:17.406,-0.0122,0.0073,-95.1031
 08:58:17.482,-0.001,-0.001,-95.0922
 08:58:17.576,0,-0.0029,-95.0757
 08:58:17.686,-0.001,0.002,-95.0592
 08:58:17.782,-0.0039,-0.0015,-95.0482
 08:58:17.882,-0.0107,0.002,-95.0427
 08:58:17.977,-0.0127,0.0029,-95.0427
 08:58:18.075,-0.0083,-0.0015,-95.0427
 08:58:18.189,-0.0103,0.0005,-95.0427
 08:58:18.286,-0.0117,0.0044,-95.0427
 08:58:18.380,-0.0083,-0.0024,-95.0427
 08:58:18.478,-0.0005,0.001,-95.0427
 08:58:18.575,0.0073,0,-95.0427
 08:58:18.689,0.0146,0.0005,-95.0427
 08:58:18.784,0.0107,-0.0015,-95.0427
 08:58:18.880,0.021,-0.0034,-95.0427
 08:58:18.988,0.041,-0.001,-95.0427
 08:58:19.091,0.0132,-0.002,-95.0427
 08:58:19.186,0.0078,0.0005,-95.0427
 08:58:19.282,0.0171,-0.0044,-95.0427
 08:58:19.393,0.0049,-0.0015,-95.0427
 08:58:19.477,0.0103,0.0029,-95.0427
 08:58:19.574,0.0078,-0.0049,-95.0427
 08:58:19.687,-0.0005,-0.0005,-95.0427
 08:58:19.773,-0.0034,0,-95.0427
 08:58:19.898,0.0063,-0.0039,-95.0427
 08:58:19.977,0.0117,-0.0044,-95.0427
 08:58:20.071,0.0088,-0.0039,-95.0427
 08:58:20.171,0.0063,0.0005,-95.0427
 08:58:20.284,0.0244,0,-95.0427
 08:58:20.381,0.0293,-0.0015,-95.0427
 08:58:20.499,0.0063,-0.002,-95.0427
 08:58:20.578,0.0029,0,-95.0427
 08:58:20.675,0.002,-0.002,-95.0427
 08:58:20.773,0.0083,-0.0005,-95.0427
 08:58:20.877,0.0142,-0.0024,-95.0427
 08:58:20.970,0.0142,0,-95.0427
 08:58:21.096,0.0112,-0.001,-95.0427
 08:58:21.175,0.0088,-0.0005,-95.0427
 08:58:21.268,0.0063,-0.002,-95.0427
 08:58:21.380,0.0034,-0.0029,-95.0427
 08:58:21.468,0.019,0.002,-95.0427
 08:58:21.569,0.0078,-0.0044,-95.0427
 08:58:21.679,0.0039,-0.0049,-95.0427
 08:58:21.771,0.0146,0.001,-95.0427
 08:58:21.891,0.0063,-0.0024,-95.0427
 08:58:21.973,0,-0.0015,-95.0427
 08:58:22.068,0.0034,-0.0044,-95.0427
 08:58:22.175,0.0137,0.0024,-95.0427
 08:58:22.276,0.0093,-0.0063,-95.0427
 08:58:22.370,0.0044,-0.0078,-95.0427
 08:58:22.480,0.002,0.0005,-95.0427
 08:58:22.577,0.0054,-0.0068,-95.0427
 08:58:22.672,0.0054,-0.0078,-95.0427
 08:58:22.770,0.0059,-0.0029,-95.0427
 08:58:22.865,0.0088,-0.0049,-95.0427
 08:58:22.977,0.0171,-0.0044,-95.0427
 08:58:23.071,0.0137,-0.0039,-95.0427
 08:58:23.166,0.0059,-0.0054,-95.0427
 08:58:23.278,0.0054,-0.0098,-95.0427
 08:58:23.392,-0.0015,-0.0146,-95.0427
 08:58:23.471,-0.0034,-0.0122,-95.0812
 08:58:23.567,0.0117,-0.0039,-95.1196
 08:58:23.662,0.0142,-0.0044,-95.1636
 08:58:23.776,0.0029,-0.0029,-95.2075
 08:58:23.872,0,-0.0088,-95.257
 08:58:24.004,-0.0015,-0.0176,-95.3558
 08:58:24.067,-0.0024,-0.0029,-95.4987
 08:58:24.161,-0.0015,0,-95.647
 08:58:24.261,-0.0054,-0.0039,-95.7568
 08:58:24.389,0.0088,-0.0024,-95.8557
 08:58:24.475,0.0132,-0.0073,-95.9491
 08:58:24.594,0.0083,-0.0073,-96.048
 08:58:24.675,0.0137,-0.001,-96.1523
 08:58:24.767,0.0088,-0.0005,-96.2567
 08:58:24.861,0.0034,-0.0098,-96.3666
 08:58:24.979,0.0049,0.0005,-96.4655
 08:58:25.061,0.0044,-0.0029,-96.5753
 08:58:25.189,0.0059,-0.0044,-96.6852
 08:58:25.268,0.002,0.0039,-96.7731
 08:58:25.364,0,-0.0083,-96.8555
 08:58:25.458,-0.0015,-0.0137,-96.9269
 08:58:25.565,0,-0.0078,-96.9928
 08:58:25.662,0.002,-0.0112,-97.0752
 08:58:25.787,0.0039,-0.0044,-97.1521
 08:58:25.870,0.0054,-0.0083,-97.218
 08:58:25.965,0.0093,-0.0078,-97.2949
 08:58:26.060,-0.0005,-0.0005,-97.3718
 08:58:26.170,0.0029,-0.0049,-97.4323
 08:58:26.264,0.002,0,-97.4927
 08:58:26.366,0.0024,0.0054,-97.5092
 08:58:26.459,0.002,-0.0044,-97.5092
 08:58:26.556,-0.0024,-0.0068,-97.4927
 08:58:26.661,-0.0024,-0.0049,-97.4762
 08:58:26.756,0.0059,-0.0039,-97.4707
 08:58:26.857,0.002,-0.0039,-97.4707
 08:58:26.957,0.0015,-0.0049,-97.4707
 08:58:27.058,0.0195,-0.0024,-97.4707
 08:58:27.169,0.0313,0.0024,-97.4707
 08:58:27.266,0.0181,-0.0088,-97.4707
 08:58:27.361,0.0176,-0.0015,-97.4707
 08:58:27.469,0.0156,0.002,-97.4707
 08:58:27.564,0.0171,-0.0103,-97.4707
 08:58:27.662,0.0088,-0.0029,-97.4707
 08:58:27.759,0.0068,0.0063,-97.4707
 08:58:27.859,0.0054,-0.0083,-97.4707
 08:58:27.954,0.0059,-0.0044,-97.4707
 08:58:28.066,-0.0073,-0.0024,-97.4707
 08:58:28.164,-0.0107,-0.001,-97.4707
 08:58:28.264,-0.0112,-0.0068,-97.4707
 08:58:28.362,-0.0137,-0.0054,-97.4707
 08:58:28.456,-0.0112,0,-97.4707
 08:58:28.556,-0.0088,-0.0049,-97.4707
 08:58:28.658,-0.0063,-0.001,-97.4707
 08:58:28.755,0.0054,0.0029,-97.4707
 08:58:28.862,0.0088,-0.0059,-97.4707
 08:58:28.964,0.0273,-0.0015,-97.4707
 08:58:29.085,0.0244,-0.0044,-97.4542
 08:58:29.150,0.0073,-0.0054,-97.4323
 08:58:29.261,-0.0068,-0.002,-97.4158
 08:58:29.358,-0.0093,-0.0059,-97.3938
 08:58:29.453,-0.0098,-0.0044,-97.3773
 08:58:29.550,0.0005,0.0063,-97.3608
 08:58:29.648,0.0049,-0.002,-97.3499
 08:58:29.762,0.0024,-0.0015,-97.3334
 08:58:29.855,0.001,0.0098,-97.3114
 08:58:29.952,0.0029,-0.001,-97.2949
 08:58:30.073,-0.0005,0,-97.2675
 08:58:30.153,0.0034,0.0049,-97.251
 08:58:30.247,0.0088,-0.0039,-97.2455
 08:58:30.355,0.0161,-0.002,-97.229
 08:58:30.450,0.0103,0.001,-97.2015
 08:58:30.560,0.0078,-0.001,-97.1851
 08:58:30.675,0.002,0.0005,-97.1686
 08:58:30.756,-0.0039,0.0015,-97.1356
 08:58:30.880,0,0.0063,-97.1191
 08:58:30.950,0.0039,0.002,-97.1027
 08:58:31.060,0.0063,0.0005,-97.0807
 08:58:31.146,0.002,0.0029,-97.0587
 08:58:31.256,0.0054,0.0024,-97.0477
 08:58:31.351,0.0059,-0.0015,-97.0258
 08:58:31.457,0.0078,-0.001,-97.0038
 08:58:31.552,0.0044,0.002,-96.9873
 08:58:31.648,0.0054,0.0039,-96.9708
 08:58:31.747,-0.001,-0.0015,-96.9489
 08:58:31.855,-0.0034,-0.0054,-96.9324
 08:58:31.952,-0.0015,0.0088,-96.9269
 08:58:32.048,-0.0073,-0.0093,-96.9104
 08:58:32.159,0.0166,0.0059,-96.8939
 08:58:32.257,0,0.0078,-96.8774
 08:58:32.370,0.002,-0.0088,-96.861
 08:58:32.456,0.0073,0.0039,-96.8445
 08:58:32.556,0.0225,-0.0029,-96.8335
 08:58:32.651,0.021,-0.0098,-96.817
 08:58:32.767,0.002,-0.0005,-96.8005
 08:58:32.849,0.0005,-0.002,-96.7841
 08:58:32.981,0.0103,-0.0122,-96.7676
 08:58:33.049,-0.0024,-0.0005,-96.7401
 08:58:33.157,0.0132,0.0059,-96.7291
 08:58:33.250,0.0039,-0.0029,-96.6797
 08:58:33.368,-0.0024,-0.0063,-96.6138
 08:58:33.451,0.0044,-0.0083,-96.5918
 08:58:33.555,0.0068,-0.0039,-96.5808
 08:58:33.651,-0.0024,-0.0083,-96.5643
 08:58:33.754,-0.0063,-0.0137,-96.5918
 08:58:33.851,-0.0034,-0.0132,-96.6577
 08:58:33.951,0,-0.0176,-96.7841
 08:58:34.052,0.0093,-0.0044,-96.9598
 08:58:34.152,0.0054,0.0059,-97.0972
 08:58:34.252,0.001,-0.0107,-97.207
 08:58:34.352,0.0039,-0.001,-97.3224
 08:58:34.452,0.0063,-0.0005,-97.4323
 08:58:34.552,0.0146,-0.0078,-97.5421
 08:58:34.652,0.0117,-0.002,-97.663
 08:58:34.752,0.0088,-0.0098,-97.7783
 08:58:34.842,0.0103,-0.0078,-97.9047
 08:58:34.942,0.0146,0.0015,-98.031
 08:58:35.039,-0.0039,0.0015,-98.1464
 08:58:35.137,-0.0083,0.0073,-98.1903
 08:58:35.249,-0.0107,-0.0005,-98.1903
 08:58:35.350,-0.0059,-0.0122,-98.1793
 08:58:35.451,0.001,0,-98.1683
 08:58:35.544,-0.0044,-0.0054,-98.1519
 08:58:35.672,-0.0068,-0.0098,-98.1409
 08:58:35.735,-0.0054,-0.002,-98.1189
 08:58:35.846,-0.002,-0.0093,-98.1079
 08:58:35.946,-0.0078,-0.0039,-98.0859
 08:58:36.041,0.002,0,-98.064
 08:58:36.138,0.001,-0.0083,-98.0475
 08:58:36.240,0.0015,0.002,-98.0365
 08:58:36.343,0.002,-0.002,-98.02
 08:58:36.472,-0.0063,-0.001,-97.998
 08:58:36.540,-0.0073,0.0005,-97.9761
 08:58:36.637,0.0088,-0.0054,-97.9541
 08:58:36.745,0.0054,-0.002,-97.9431
 08:58:36.840,0.002,-0.0039,-97.9266
 08:58:36.942,-0.0039,-0.0063,-97.9156
 08:58:37.039,-0.0112,-0.0005,-97.8882
 08:58:37.142,-0.0166,-0.0068,-97.8662
 08:58:37.238,-0.0161,-0.0093,-97.8552
 08:58:37.335,-0.0098,-0.0024,-97.8387
 08:58:37.439,0.0005,-0.0063,-97.8223
 08:58:37.539,0.0059,-0.0049,-97.8168
 08:58:37.634,0.0068,-0.0015,-97.7948
 08:58:37.744,0.0044,-0.0054,-97.7783
 08:58:37.838,0.0073,-0.0063,-97.7563
 08:58:37.939,0.0029,-0.0039,-97.7344
 08:58:38.033,0.0137,-0.0029,-97.7234
 08:58:38.130,0.0117,-0.0073,-97.7179
 08:58:38.240,0.0088,-0.0039,-97.7179
 08:58:38.349,0.002,0.0034,-97.7124
 08:58:38.430,0.0029,-0.0054,-97.6904
 08:58:38.538,0.002,-0.001,-97.674
 08:58:38.633,0.0059,-0.0024,-97.641
 08:58:38.731,0.001,-0.0034,-97.63
 08:58:38.831,0,-0.0039,-97.6025
 08:58:38.942,0,-0.0015,-97.5916
 08:58:39.036,-0.0059,-0.0034,-97.5641
 08:58:39.157,-0.0068,-0.0063,-97.5476
 08:58:39.238,-0.0063,-0.002,-97.5311
 08:58:39.337,0.0254,0,-97.5201
 08:58:39.432,0.0332,-0.0049,-97.5146
 08:58:39.541,0.0044,-0.001,-97.5146
 08:58:39.635,0.0083,-0.001,-97.5146
 08:58:39.740,0.02,-0.0068,-97.5146
 08:58:39.834,0.0186,0,-97.4927
 08:58:39.960,-0.001,-0.0029,-97.4817
 08:58:40.025,0.0034,-0.0059,-97.4652
 08:58:40.137,0.0039,-0.0078,-97.4432
 08:58:40.234,0.0054,0.002,-97.4432
 08:58:40.329,0.001,-0.0044,-97.4487
 08:58:40.425,-0.0015,0.001,-97.4927
 08:58:40.549,-0.0059,-0.0024,-97.5146
 08:58:40.630,0.0049,-0.0039,-97.5476
 08:58:40.726,0.0034,-0.0073,-97.5861
 08:58:40.828,0.0073,0,-97.6135
 08:58:40.923,0.0029,-0.0034,-97.6465
 08:58:41.037,0.0054,-0.0024,-97.6959
 08:58:41.134,0.002,-0.0039,-97.7344
 08:58:41.230,-0.0059,-0.0054,-97.7783
 08:58:41.326,-0.0054,-0.001,-97.8168
 08:58:41.441,-0.0039,-0.0054,-97.8552
 08:58:41.536,0.0088,-0.0039,-97.8882
 08:58:41.633,0.0078,0,-97.9211
 08:58:41.730,-0.0112,-0.0054,-97.9486
 08:58:41.822,-0.0151,-0.0049,-97.9816
 08:58:41.933,-0.0103,-0.0044,-98.0145
 08:58:42.030,-0.0107,0,-98.0475
 08:58:42.122,-0.0093,-0.0039,-98.0804
 08:58:42.245,-0.0049,0.0054,-98.1134
 08:58:42.325,0.002,0,-98.1409
 08:58:42.433,0.0054,-0.0034,-98.1793
 08:58:42.533,0,0.0034,-98.2013
 08:58:42.623,0.0044,-0.0024,-98.2397
 08:58:42.723,0.002,-0.0059,-98.2727
 08:58:42.832,0,-0.0015,-98.3057
 08:58:42.924,-0.0029,-0.0044,-98.3441
 08:58:43.024,-0.0083,-0.0044,-98.3771
 08:58:43.120,-0.0132,-0.001,-98.41
 08:58:43.248,-0.0117,-0.001,-98.421
 08:58:43.327,-0.0049,-0.0034,-98.432
 08:58:43.423,-0.0063,-0.001,-98.432
 08:58:43.523,-0.0015,0,-98.4265
 08:58:43.618,0,-0.0005,-98.4155
 08:58:43.722,0.0024,-0.002,-98.41
 08:58:43.840,-0.0063,-0.0015,-98.3881
 08:58:43.921,-0.0059,0.0034,-98.3716
 08:58:44.015,0.0093,-0.0054,-98.3441
 08:58:44.127,0.0034,-0.0034,-98.3112
 08:58:44.221,-0.0063,-0.0015,-98.2837
 08:58:44.318,-0.0015,0.0024,-98.2782
 08:58:44.414,-0.0039,0.0029,-98.2617
 08:58:44.528,-0.001,-0.0049,-98.2507
 08:58:44.626,0.0024,0.0029,-98.2343
 08:58:44.725,0.0049,0.0029,-98.2288
 08:58:44.823,-0.0015,-0.0054,-98.2288
 08:58:44.926,-0.002,0.0005,-98.2178
 08:58:45.024,0.0044,0.0054,-98.2013
 08:58:45.122,0.0142,-0.0015,-98.1958
 08:58:45.224,0.0059,0.0024,-98.1848
 08:58:45.337,0.0093,-0.0024,-98.1738
 08:58:45.425,0.0083,-0.001,-98.1683
 08:58:45.521,0.0078,0,-98.1683
 08:58:45.616,-0.001,0.0005,-98.1683
 08:58:45.712,0.0029,0,-98.1683
 08:58:45.810,0.001,-0.001,-98.1683
 08:58:45.918,0.0049,0.0024,-98.1683
 08:58:46.012,0,0.0005,-98.1519
 08:58:46.123,0,-0.0015,-98.1409
 08:58:46.220,0.0063,0.0005,-98.1299
 08:58:46.345,-0.0039,-0.0005,-98.1189
 08:58:46.411,-0.0059,-0.0039,-98.1079
 08:58:46.520,-0.0117,0.0063,-98.1024
 08:58:46.614,-0.0137,-0.0073,-98.0914
 08:58:46.719,0.0078,0,-98.0804
 08:58:46.815,0.0073,0.0029,-98.0695
 08:58:46.943,-0.002,-0.0068,-98.064
 08:58:47.021,0.0034,0.0029,-98.0475
 08:58:47.107,0.0122,0.0015,-98.0475
 08:58:47.212,-0.0024,-0.0054,-98.0475
 08:58:47.307,-0.0088,0.0024,-98.031
 08:58:47.419,-0.001,-0.001,-98.0145
 08:58:47.523,-0.0083,-0.0088,-98.0035
 08:58:47.621,-0.0029,0.0034,-97.9816
 08:58:47.721,0.001,0,-97.9761
 08:58:47.820,0.0024,-0.0039,-97.9706
 08:58:47.921,0.0107,-0.0005,-97.9706
 08:58:48.015,0,-0.002,-97.9706
 08:58:48.112,-0.0054,-0.0039,-97.9706
 08:58:48.220,0,0.0054,-97.9596
 08:58:48.305,0.0137,0.0054,-97.9431
 08:58:48.418,0.0127,-0.0073,-97.9321
 08:58:48.513,0.0088,0.0181,-97.9156
 08:58:48.611,0.0112,-0.001,-97.8992
 08:58:48.706,0.0088,-0.0015,-97.8827
 08:58:48.830,0.0103,0.0132,-97.8607
 08:58:48.906,0.0156,-0.0078,-97.8552
 08:58:49.023,0.002,-0.0034,-97.8333
 08:58:49.108,0.0088,0.0073,-97.8058
 08:58:49.217,0.0103,-0.0098,-97.7893
 08:58:49.311,0.0034,0.0005,-97.7618
 08:58:49.417,0.0098,0.0127,-97.7399
 08:58:49.513,0.0093,-0.0044,-97.7399
 08:58:49.627,0.0039,-0.002,-97.7399
 08:58:49.708,0.0005,0.0015,-97.7289
 08:58:49.804,0.0054,-0.0063,-97.7179
 08:58:49.904,0.0142,0,-97.7069
 08:58:50.003,0.0073,-0.0015,-97.6849
 08:58:50.105,0.0024,-0.0039,-97.6685
 08:58:50.210,0.001,0.002,-97.6465
 08:58:50.306,-0.0015,-0.0063,-97.6355
 08:58:50.401,0.0034,0.0073,-97.6135
 08:58:50.510,0.002,-0.0078,-97.597
 08:58:50.605,0.0054,-0.001,-97.5751
 08:58:50.713,0.0034,0.0024,-97.5586
 08:58:50.807,-0.001,-0.0088,-97.5421
 08:58:50.907,0,0.0083,-97.5201
 08:58:51.003,-0.0005,-0.001,-97.5092
 08:58:51.107,-0.0029,-0.0078,-97.5037
 08:58:51.211,-0.0083,0.0054,-97.5037
 08:58:51.306,-0.0015,-0.0024,-97.5037
 08:58:51.401,-0.0039,0.0063,-97.4377
 08:58:51.503,-0.0059,0.0127,-97.3169
 08:58:51.598,-0.0063,-0.001,-97.1411
 08:58:51.710,-0.0132,0.002,-96.9324
 08:58:51.797,-0.0083,0.0005,-96.7346
 08:58:51.897,0.0103,0.0049,-96.5094
 08:58:52.006,0,0.0063,-96.2567
 08:58:52.101,-0.0103,-0.0044,-96.015
 08:58:52.198,0.0093,0.0166,-95.7733
 08:58:52.311,0.0068,-0.002,-95.5206
 08:58:52.408,-0.0068,0.0015,-95.235
 08:58:52.504,-0.001,0.0234,-94.9164
 08:58:52.598,-0.0029,-0.0151,-94.5648
 08:58:52.709,-0.0039,0.0068,-94.1968
 08:58:52.809,-0.0049,0.019,-93.7903
 08:58:52.926,-0.0083,0.0029,-93.3453
 08:58:53.007,-0.0063,0.002,-92.8729
 08:58:53.107,0.001,0.0083,-92.395
 08:58:53.202,0.0024,0.0122,-91.9116
 08:58:53.306,-0.0039,0.0024,-91.3953
 08:58:53.404,-0.0039,0.0044,-90.8789
 08:58:53.528,0.0034,0.0083,-90.368
 08:58:53.597,0.0005,0.0039,-89.8737
 08:58:53.706,-0.0015,0.0088,-89.3573
 08:58:53.804,0.0093,0.0156,-88.8354
 08:58:53.906,0,0.0117,-88.2587
 08:58:54.002,-0.001,0.0093,-87.6764
 08:58:54.119,-0.0083,-0.0024,-87.1106
 08:58:54.201,0.0024,0.0054,-86.5393
 08:58:54.298,0.002,0.0137,-85.979
 08:58:54.398,0.0098,-0.001,-85.4187
 08:58:54.499,0.0059,0.0195,-84.8584
 08:58:54.601,0.0059,0.0103,-84.2981
 08:58:54.717,0.0142,0,-83.7433
 08:58:54.799,0.022,0.0151,-83.1665
 08:58:54.900,0.0088,0.0063,-82.5842
 08:58:55.000,-0.0015,0.0015,-81.991
 08:58:55.100,-0.0024,0.0073,-81.3977
 08:58:55.201,-0.001,0.0088,-80.8154
 08:58:55.301,0.0024,0.0044,-80.2386
 08:58:55.401,0.0039,0.0083,-79.6729
 08:58:55.501,0.0107,-0.001,-79.1071
 08:58:55.602,0.0083,-0.0068,-78.6017
 08:58:55.702,0.0083,-0.002,-78.1512
 08:58:55.789,0.0059,0.002,-77.7667
 08:58:55.893,-0.002,0.001,-77.4426
 08:58:55.990,0,0.0044,-77.1075
 08:58:56.100,-0.0024,0.0005,-76.767
 08:58:56.190,0.0039,0.0054,-76.4594
 08:58:56.298,0,0.0083,-76.1462
 08:58:56.395,0.002,-0.002,-75.8661
 08:58:56.488,0.0073,0.0039,-75.6189
 08:58:56.599,0.0156,0.0024,-75.4266
 08:58:56.696,0.0146,-0.0068,-75.2783
 08:58:56.822,0.0181,-0.001,-75.1849
 08:58:56.891,0.0098,-0.0059,-75.141
 08:58:56.985,-0.0063,-0.0063,-75.141
 08:58:57.089,0.0044,0.0117,-75.1355
 08:58:57.190,0.0063,0.002,-75.1245
 08:58:57.284,0.0103,0,-75.119
 08:58:57.388,0.0127,0.0137,-75.108
 08:58:57.486,0.001,0.0073,-75.0641
 08:58:57.582,-0.0093,0.0166,-74.9597
 08:58:57.689,-0.0146,0.0132,-74.8059
 08:58:57.808,-0.0083,0.0063,-74.6082
 08:58:57.888,0.0176,0.0142,-74.3665
 08:58:57.984,0.0054,0.001,-74.1028
 08:58:58.092,0.0103,0.0088,-73.8501
 08:58:58.190,0.0146,-0.0005,-73.6249
 08:58:58.291,0.0073,0,-73.4656
 08:58:58.387,0.0122,0.0015,-73.3447
 08:58:58.495,0.0039,-0.0132,-73.2898
 08:58:58.592,0.0088,0.0024,-73.2953
 08:58:58.692,0.0142,0.0127,-73.2953
 08:58:58.787,0.0132,-0.0029,-73.2843
 08:58:58.892,0.0039,0,-73.2788
 08:58:58.990,0.0054,0.0093,-73.2623
 08:58:59.084,0.0073,-0.0039,-73.2623
 08:58:59.179,0.0068,0.0054,-73.2458
 08:58:59.291,-0.001,-0.0112,-73.2568
 08:58:59.390,0.0044,-0.0068,-73.3392
 08:58:59.487,-0.001,0.0015,-73.4766
 08:58:59.580,-0.0029,-0.0137,-73.6908
 08:58:59.678,-0.0049,-0.0078,-73.949
 08:58:59.790,0.0078,0.0005,-74.2511
 08:58:59.888,-0.001,0.0103,-74.5697
 08:58:59.982,-0.0049,0.0034,-74.8608
 08:59:00.082,-0.0083,0.0117,-75.1245
 08:59:00.177,0.0034,0.0166,-75.3387
 08:59:00.291,0.0049,0,-75.498
 08:59:00.387,0.0049,0.001,-75.6409
 08:59:00.494,0.0049,0,-75.7727
 08:59:00.588,0.0049,-0.0044,-75.9155
 08:59:00.675,0.0034,-0.0015,-76.0364
 08:59:00.785,0.0005,-0.0059,-76.2012
 08:59:00.889,0.0029,-0.0103,-76.4099
 08:59:00.988,0.0073,-0.0044,-76.6736
 08:59:01.088,0.0107,0.0029,-76.9427
 08:59:01.183,0.0044,-0.0029,-77.2229
 08:59:01.305,0.0073,-0.0044,-77.4921
 08:59:01.387,0.0068,-0.002,-77.7997
 08:59:01.484,0.0068,-0.0137,-78.1567
 08:59:01.581,0.0073,-0.0107,-78.5522
 08:59:01.695,0.0024,-0.0083,-78.9807
 08:59:01.773,0.0132,0.0054,-79.4202
 08:59:01.883,0.0107,-0.0073,-79.8541
 08:59:01.983,0.0073,-0.0117,-80.332
 08:59:02.078,0.0049,0.001,-80.8319
 08:59:02.186,0.0073,-0.001,-81.3702
 08:59:02.308,0.0039,-0.0068,-81.8866
 08:59:02.374,0.0073,-0.0049,-82.403
 08:59:02.484,0.0024,-0.0137,-82.9633
 08:59:02.572,0,-0.0093,-83.551
 08:59:02.683,0.0059,0.0029,-84.1443
 08:59:02.782,0.0068,-0.0098,-84.7595
 08:59:02.871,0.0029,-0.0107,-85.4022
 08:59:02.975,0.0044,0.0063,-86.012
 08:59:03.070,0.0107,-0.0039,-86.5833
 08:59:03.183,0.0054,-0.0107,-87.1381
 08:59:03.277,0.0029,-0.0015,-87.6929
 08:59:03.377,0.0024,-0.0083,-88.2477
 08:59:03.498,-0.0063,-0.0098,-88.8135
 08:59:03.578,0.0034,-0.0034,-89.3958
 08:59:03.668,0.0103,0.001,-89.9725
 08:59:03.782,0.0137,-0.0127,-90.5548
 08:59:03.878,0.0117,0.0039,-91.0986
 08:59:03.971,0.0181,0.0132,-91.593
 08:59:04.067,0.0107,-0.0098,-92.0435
 08:59:04.181,0.0166,0.0034,-92.45
 08:59:04.277,0.0137,0.0073,-92.8125
 08:59:04.375,0.0146,-0.0005,-93.1476
 08:59:04.471,0.0112,0.0034,-93.4332
 08:59:04.570,0.0146,0.0166,-93.6914
 08:59:04.666,0.0103,0.0093,-93.9001
 08:59:04.779,0.0117,0.0063,-94.032
 08:59:04.868,0.0059,0.0093,-94.1089
 08:59:05.004,0.0039,0.0068,-94.1199
 08:59:05.067,0.0117,0.0127,-94.0704
 08:59:05.165,0.0088,0.0142,-93.9716
 08:59:05.278,0.0146,0.0059,-93.8232
 08:59:05.442,0.0156,-0.0024,-93.653
 08:59:05.474,-0.0005,-0.0059,-93.4772
 08:59:05.607,0.0117,0.0103,-93.3179
 08:59:05.672,0.0083,-0.0049,-93.1696
 08:59:05.771,0.0107,-0.0034,-93.0212
 08:59:05.868,0.0195,0.0137,-92.8674
 08:59:05.977,0.0181,-0.0088,-92.7191
 08:59:06.075,0.0122,0.0059,-92.5598
 08:59:06.198,0.0176,0.0146,-92.395
 08:59:06.276,0.0117,-0.001,-92.2083
 08:59:06.371,0.0049,0.0068,-91.972
 08:59:06.469,0.021,0.002,-91.7194
 08:59:06.586,0.019,0.0005,-91.4832
 08:59:06.667,0.0156,0.0112,-91.2305
 08:59:06.762,0.0264,0.0063,-90.9833
 08:59:06.875,0.0166,0.0024,-90.7196
 08:59:06.973,0.0049,0.0195,-90.4175
 08:59:07.070,0.0181,0.0137,-90.0769
 08:59:07.165,0.0151,0.0063,-89.6869
 08:59:07.266,0.0015,0.019,-89.2419
 08:59:07.364,-0.0015,0.0112,-88.7311
 08:59:07.460,0,0.0039,-88.1927
 08:59:07.567,0.0083,0.0078,-87.6324
 08:59:07.659,0.0078,0.0044,-87.0557
 08:59:07.769,0.0103,0.0156,-86.4844
 08:59:07.870,0.0015,0.0122,-85.8746
 08:59:07.965,0.0024,0.0137,-85.2209
 08:59:08.061,-0.0024,0.0127,-84.5288
 08:59:08.170,0.002,0.0034,-83.7982
 08:59:08.287,-0.0049,0.002,-83.0566
 08:59:08.368,0.0107,0.0073,-82.3096
 08:59:08.469,0.0161,0.0107,-81.568
 08:59:08.564,0.0127,0,-80.8044
 08:59:08.670,0.0015,0.002,-80.0409
 08:59:08.767,-0.0015,-0.0083,-79.3323
 08:59:08.865,0.0073,0.0127,-78.6566
 08:59:08.966,-0.0024,0.0186,-77.9535
 08:59:09.061,0.001,0.0005,-77.2614
 08:59:09.159,0.0034,0.0073,-76.5637
 08:59:09.255,0.0054,0.0146,-75.8771
 08:59:09.368,0.0093,0.0103,-75.163
 08:59:09.454,0.0093,0.0171,-74.4434
 08:59:09.568,0.0044,0.0039,-73.7238
 08:59:09.670,-0.002,-0.001,-73.0865
 08:59:09.768,-0.0034,-0.0015,-72.5098
 08:59:09.890,0.0015,0,-72.0209
 08:59:09.955,-0.0029,-0.0068,-71.5979
 08:59:10.068,-0.0068,0,-71.2189
 08:59:10.154,-0.0098,0.001,-70.9167
 08:59:10.270,-0.0083,-0.0137,-70.6641
 08:59:10.355,0.002,0,-70.4553
 08:59:10.486,-0.0005,-0.0068,-70.285
 08:59:10.552,0.001,-0.0137,-70.1697
 08:59:10.665,0.0068,-0.0068,-70.1147
 08:59:10.756,-0.0049,-0.0137,-70.1202
 08:59:10.868,-0.0146,-0.0146,-70.1971
 08:59:10.953,-0.0161,-0.0205,-70.329
 08:59:11.088,-0.0107,-0.0107,-70.5322
 08:59:11.153,0.0293,-0.0122,-70.7684
 08:59:11.250,0.021,-0.0122,-71.1035
 08:59:11.356,0.0161,-0.0181,-71.488
 08:59:11.451,0.0083,-0.0122,-71.911
 08:59:11.555,-0.001,-0.0171,-72.3999
 08:59:11.679,0.0049,-0.0186,-72.9327
 08:59:11.760,0.0098,-0.0156,-73.5315
 08:59:11.851,0.0039,-0.0273,-74.1852
 08:59:11.951,0.0054,-0.0283,-74.9213
 08:59:12.062,0.0044,-0.0122,-75.7397
 08:59:12.161,-0.0063,-0.0073,-76.6296
 08:59:12.248,-0.0117,-0.0107,-77.4316
 08:59:12.348,-0.0098,0.0127,-78.1677
 08:59:12.458,-0.0059,-0.0068,-78.7994
 08:59:12.556,-0.002,0.0015,-79.3488
 08:59:12.651,0.0039,0.0107,-79.8596
 08:59:12.752,-0.0029,-0.0098,-80.3101
 08:59:12.846,-0.0068,0.0044,-80.7001
 08:59:12.946,-0.0132,-0.0142,-81.0571
 08:59:13.060,-0.0088,-0.0161,-81.4197
 08:59:13.149,0.0034,0.0059,-81.7822
 08:59:13.259,0.0063,-0.02,-82.1777
 08:59:13.356,0.0142,-0.0122,-82.6062
 08:59:13.451,0.0044,-0.0044,-83.0292
 08:59:13.548,-0.0015,-0.0132,-83.4906
 08:59:13.652,-0.0024,-0.0049,-83.941
 08:59:13.746,-0.001,-0.0132,-84.408
 08:59:13.858,0.0059,-0.0024,-84.9243
 08:59:13.958,0.0068,-0.0156,-85.4022
 08:59:14.052,0.0098,-0.022,-85.946
 08:59:14.162,0.0083,-0.0078,-86.5393
 08:59:14.245,0.0078,-0.0137,-87.1545
 08:59:14.345,0.0093,-0.0015,-87.7808
 08:59:14.456,0.0034,-0.0054,-88.374
 08:59:14.553,0.0093,-0.0063,-88.9673
 08:59:14.648,0.019,-0.0063,-89.5605
 08:59:14.766,0.0171,-0.0093,-90.1868
 08:59:14.846,0,0.001,-90.7855
 08:59:14.946,0.0103,-0.0044,-91.3019
 08:59:15.056,0.0117,0.0044,-91.7688
 08:59:15.152,0.0103,-0.0024,-92.1753
 08:59:15.251,-0.002,-0.0015,-92.5323
 08:59:15.355,0.002,0.0273,-92.8345
 08:59:15.452,-0.0044,-0.0107,-93.0377
 08:59:15.580,0,-0.0146,-93.2959
 08:59:15.645,0.0161,0.0137,-93.5925
 08:59:15.785,0.0151,0,-93.8562
 08:59:15.850,0.0127,0.0073,-94.0594
 08:59:15.950,0.0078,-0.0078,-94.2407
 08:59:16.049,-0.0054,-0.0181,-94.444
 08:59:16.148,0.0039,-0.0059,-94.7131
 08:59:16.247,0.0117,-0.0161,-95.0482
 08:59:16.353,0.0093,-0.0176,-95.4547
 08:59:16.450,-0.0005,0.0015,-95.8667
 08:59:16.572,0.0107,0.0146,-96.2238
 08:59:16.648,-0.0049,-0.0068,-96.5259
 08:59:16.752,-0.0635,0.0142,-96.7291
 08:59:16.849,-0.0503,0.0098,-96.9049
 08:59:16.949,-0.0791,-0.0068,-97.0917
 08:59:17.049,-0.1445,-0.0054,-97.1851
 08:59:17.149,-0.2046,0.0054,-97.3004
 08:59:17.249,-0.228,-0.0093,-97.4268
 08:59:17.382,-0.2148,0.0107,-97.5037
 08:59:17.447,-0.1431,0.0005,-97.5146
 08:59:17.547,0.1211,-0.001,-97.5146
 08:59:17.644,-0.0596,-0.0068,-97.5146
 08:59:17.748,0.0542,0.0073,-97.5146
 08:59:17.845,-0.0439,-0.0103,-97.5256
 08:59:17.940,0.0337,0.0103,-97.5201
 08:59:18.034,-0.0313,-0.0054,-97.5201
 08:59:18.134,0.0278,0.0054,-97.5201
 08:59:18.247,-0.0215,0.001,-97.5201
 08:59:18.343,0.0195,0.0005,-97.5201
 08:59:18.435,-0.0146,0.0039,-97.5201
 08:59:18.545,0.0117,-0.001,-97.5201
 08:59:18.642,-0.0073,0.0034,-97.5201
 08:59:18.739,0.0059,0.0005,-97.5201
 08:59:18.852,-0.0024,0.0005,-97.5201
 08:59:18.937,0.001,0.0024,-97.5201
 08:59:19.053,0.002,0,-97.5201
 08:59:19.135,-0.0024,0.0029,-97.5201
 08:59:19.253,0.0039,0,-97.5201
 08:59:19.334,-0.0034,0.002,-97.5201
 08:59:19.432,0.0054,0.001,-97.5201
 08:59:19.545,-0.0034,0.0005,-97.5201
 08:59:19.636,0.0039,0.0024,-97.5201
 08:59:19.732,-0.0015,0,-97.5201
 08:59:19.855,0.0015,0.0024,-97.5201
 08:59:19.935,0,0.0005,-97.5201
 08:59:20.034,0,0.0015,-97.5201
 08:59:20.130,0.0015,0.001,-97.5201
 08:59:20.247,-0.001,0.0005,-97.5201
 08:59:20.338,0.002,0.002,-97.5201
 08:59:20.455,-0.001,0.0005,-97.5201
 08:59:20.537,0.002,0.002,-97.5201
 08:59:20.634,0,0.0005,-97.5201
 08:59:20.728,0.001,0.0015,-97.5201
 08:59:20.832,0.0005,0.001,-97.5201
 08:59:20.940,0,0.001,-97.5201
 08:59:21.069,0.001,0.001,-97.5201
 08:59:21.135,0,0.001,-97.5201
 08:59:21.230,0.001,0.001,-97.5201
 08:59:21.327,0,0.001,-97.5201
 08:59:21.431,0.0005,0.0015,-97.5201
 08:59:21.526,0,0.001,-97.5201
 08:59:21.632,0,0.0015,-97.5201
 08:59:21.730,0.001,0.001,-97.5201
 08:59:21.836,0.0005,0.0015,-97.5201
 08:59:21.931,0.0005,0.001,-97.5201
 08:59:22.026,0,0.001,-97.5201
 08:59:22.135,0,0.0015,-97.5201
 08:59:22.233,0.0005,0.002,-97.5201
 08:59:22.329,0,0.0005,-97.5201
 08:59:22.424,0.001,0.0024,-97.5256
 08:59:22.524,0,0.0005,-97.5256
 08:59:22.634,0.001,0.001,-97.5256
 08:59:22.744,0,0.0015,-97.5256
